{"_timestamp":1.7284184668282893e+09,"eval/steps_per_second":14.221,"eval/loss":3.662010431289673,"_runtime":100.337924491,"train/global_step":313,"train/total_flos":1.027784736e+15,"eval/samples_per_second":355.513,"train/train_samples_per_second":98.456,"train/learning_rate":4.1533546325878595e-07,"_wandb":{"runtime":100},"train/epoch":1,"train/train_loss":3.9952980017128845,"train/train_steps_per_second":3.082,"eval/runtime":0.2813,"train/train_runtime":101.5685,"train/loss":3.642,"_step":5}