{"train/learning_rate":5.063291139240507e-07,"train/train_steps_per_second":1.031,"_wandb":{"runtime":1531},"train/train_runtime":1533.2236,"eval/samples_per_second":337.045,"train/train_loss":2.5772369095041783,"eval/runtime":0.2967,"eval/loss":1.6656990051269531,"train/total_flos":2.055569472e+16,"train/train_samples_per_second":130.444,"eval/steps_per_second":3.37,"train/epoch":20,"train/loss":1.7595,"_runtime":1531.053421347,"_step":36,"_timestamp":1.728420209059089e+09,"train/global_step":1580}