{"_runtime":76.528603093,"eval/samples_per_second":342.088,"train/train_steps_per_second":1.015,"train/global_step":79,"_timestamp":1.7284186442707646e+09,"_step":2,"eval/runtime":0.2923,"train/train_runtime":77.819,"train/epoch":1,"_wandb":{"runtime":76},"train/train_loss":4.9778701202778874,"eval/steps_per_second":3.421,"eval/loss":4.48600435256958,"train/total_flos":1.027784736e+15,"train/train_samples_per_second":128.503}